group,area,percentage
10,45852141.96266,0.300937
20,9607910.877992,0.063059
30,31833864.566994,0.208932
40,13070323.275694,0.085783
50,779473.372193,0.005116
60,22342249.593747,0.146637
70,2469120.488366,0.016205
80,20938684.016652,0.137425
90,2123103.128191,0.013934
95,169164.887365,0.00111
100,3178479.252522,0.020861
