zone,stat
11,254.8104300985351
12,469.13005264467563
21,315.0445285302174
22,305.07292451020135
23,358.6396940670953
24,263.30532910668046
31,821.4894158776667
41,427.02623300246677
42,969.5321866858387
43,246.36008282038878
52,636.5161890831652
71,549.325626366679
81,271.3354051392424
82,351.78387864896325
90,191.65337524395392
95,562.7788431199623
